Analysis,Noise Level (m),Total Area (km²),Flood Area (km²),Flood Area (%),Mean Probability,Max Probability,Pixels > 0.8 Prob
exzeco_20cm,0.2,4913.89670537522,234.05466328920707,4.763117283950617,0.050305977,1.0,247943
exzeco_40cm,0.4,4913.89670537522,225.399312825221,4.586977023319616,0.051511094,1.0,185667
exzeco_60cm,0.6,4913.89670537522,221.84154039064504,4.5145747599451305,0.052918255,1.0,151595
exzeco_80cm,0.8,4913.89670537522,219.435989105692,4.465620713305898,0.054267257,1.0,128492
exzeco_100cm,1.0,4913.89670537522,217.27899741060273,4.4217249657064475,0.055444878,1.0,112965
