Analysis,Noise Level (m),Total Area (km²),Flood Area (km²),Flood Area (%),Mean Probability,Max Probability,Pixels > 0.8 Prob
exzeco_20cm,0.2,4913.89670537522,233.90159551917796,4.760002286236854,0.05029643,1.0,247911
exzeco_40cm,0.4,4913.89670537522,224.80248895125422,4.574831390032007,0.05137896,1.0,185219
exzeco_60cm,0.6,4913.89670537522,221.1562461541844,4.500628715134888,0.05277252,1.0,152771
exzeco_80cm,0.8,4913.89670537522,219.22815396840474,4.461391175125743,0.054130744,1.0,129382
exzeco_100cm,1.0,4913.89670537522,217.44891667824973,4.425182898948331,0.05526845,1.0,113349
