Noise Level,Very High Risk (km²),High Risk (km²),Medium Risk (km²),Low Risk (km²),Very Low Risk (km²),Total Flood Area (km²),Total Risk Pixels,Max Probability,Mean Probability
exzeco_20cm,178.25269187776107,46.834014376731346,27.713864071124,47.064819440212844,146.00038057705697,239.5224484959815,620103,1.0,0.05029643
exzeco_40cm,133.17595966660224,69.31342093338402,54.54477294612564,83.28108187790599,241.33940922937012,230.20468270888895,808956,1.0,0.05137896
exzeco_60cm,109.84523474495862,80.91119561860688,72.02412214623524,105.48079008660135,305.41549657272543,226.47081761649204,936939,1.0,0.05277252
exzeco_80cm,93.02810194194078,88.53854799683653,86.40306189546567,123.59215689045,355.3794001747993,224.4963917463357,1038834,1.0,0.054130744
exzeco_100cm,81.50007208898491,93.49762127668663,96.80223209214132,137.99554328191834,392.49515524306986,222.6743978807216,1115813,1.0,0.05526845
