Noise Level,Very High Risk (km²),High Risk (km²),Medium Risk (km²),Low Risk (km²),Very Low Risk (km²),Total Flood Area (km²),Total Risk Pixels,Max Probability,Mean Probability
exzeco_20cm,178.27570048222026,46.724004486660725,28.016571023540543,47.50989213272077,145.68041717129603,239.67919461385992,620577,1.0,0.050305977
exzeco_40cm,133.49808012903122,69.26380863001884,55.446422633371114,83.2925861801356,241.04317344695772,230.81584876483683,810193,1.0,0.051511094
exzeco_60cm,108.99966853108248,81.45764997451323,73.16161002918767,106.51689630615535,307.1066290004777,227.17258005249806,941898,1.0,0.052918255
exzeco_80cm,92.38817513041887,89.30214605732671,87.52832645729914,124.0724615085361,355.2665142091713,224.70922133758341,1041082,1.0,0.054267257
exzeco_100cm,81.22396883547434,92.85409937071798,99.2015981259038,138.88640768582357,393.95620162623,222.5003953094988,1121142,1.0,0.055444878
