Noise Level,Very High Risk (km²),High Risk (km²),Medium Risk (km²),Low Risk (km²),Very Low Risk (km²),Total Flood Area (km²),Total Risk Pixels,Max Probability,Mean Probability
exzeco_20cm,1173.8142255662474,211.24527445895652,111.26550818059361,159.5599415615271,373.5619396732074,1445.4485730937918,313613,1.0,0.29007304
exzeco_40cm,994.9054489773866,341.10896052201065,225.76013632059843,253.08793910335098,517.5586878431835,1458.488005394821,360432,1.0,0.2938452
exzeco_60cm,913.2908980192823,385.7665894596794,261.48753370719015,300.82585080791296,632.2345090871232,1441.164650422188,385340,1.0,0.29290408
exzeco_80cm,854.4290239695742,420.98276344588334,288.32999781868847,324.91159126668754,701.0878885823842,1431.3155109868699,400196,1.0,0.291749
exzeco_100cm,816.0419706645096,448.51117287942094,301.54415204136916,335.62139794569663,743.6229697311012,1429.0635395522504,408788,1.0,0.29071033
